uid,name
7834343861,直言trigger
2163365571,3DMGAME官方微博
1947605001,糖七又是糖九
1843450093,关大洲
6603744955,Yocar-冯骥
1969176463,游民星空
1566165751,1900影剧室
6514077838,科工力量
3835736360,丁一凡DYF
5340092141,自说自话的总裁
7293062537,巫师财经
5360078827,酷玩实验室
6807422319,是大又元
3011524425,手艺贾
6136632872,浑元Rysn
5601629229,黄智贤星球
1588741002,朱一旦的枯燥生活
5668423034,梗指南
1989660417,胡锡进
3905559211,毕导THU
3325704142,李永乐老师
6434582069,魏哥说电影
7362798195,止戈电影
1835678831,周周怪与哈基米
1676679984,张雪峰老师
1795876901,迷影至下Filmlast
2134403365,工程师徐小刀
5334369419,三代鹿人
7478528053,阿牛读财
2283480632,阿Test正经比比
1039238885,利利川
7762107285,罗永浩的十字路口
5734325998,差评君
5482926337,牛顿顿顿
5212695504,半佛仙人正在装
7429997104,历史调研室
7609975457,洗碗的席亚洲
1738522112,real谷智轩
3254988854,向北不断电
7291960699,肝帝董佳宁
2371191640,郭云神奇
5996241771,赛雷三分钟
5709583024,史图馆
5938043158,城主鬼谷藏龙
7225017971,IC实验室
2692914620,解密狗
7181056093,万能编辑部
3064209773,大漠叔叔
1855787821,阿斗归来了
1875293522,卢克文
5709892136,刘哔电影
5129699358,TomCat团子的读书间
2204454944,泛式
7092687092,科技袁人
5649624264,王骁Albert
5567495634,老烟斗本人
7849055063,老猫鱼不吃鱼
6170349292,知危编辑部
2688337185,李维刚LWG
6288254740,美食作家王刚
6432721600,杜文龙
1245732825,卢麒元
7508191062,范勇鹏-
1769173661,付鹏的财经世界
5636574734,有轶见的Kris
3903189121,波士顿圆脸
2241798457,伊丽莎白鼠
5548994278,凉风Kaze
2286189313,纳豆奶奶
2150758415,孤烟暮蝉
6290520964,轩邈Elias
7395299383,吟游诗人基德
7800095633,超英队长_
1183322093,大聪看电影
7624737027,毒舌的南瓜本尊
7840319821,归乡人山白
3159686244,籽岷
7452092375,翟东升
3304230271,大猛子
7494874950,IGN编辑部
1812616552,渗透之C菌
1671959152,敖厂长
2761139954,老E_EdmundDZhang
1824015157,蔡雅奇刑法
5750600479,地球知识局
3755946873,木鱼水心
2634877355,游研社
5072447491,我是江无情
5491141169,幽灵校长
2281157913,胜利主义章北海
3223014472,黄文政关注人口问题
1804164133,东京大明白vlog
7311628224,麻薯波比呀
3316146805,华农兄弟
6432805191,赛雷话金
3145226222,兔叭咯不是2pac
6852239294,培根悖论唠唠嗑
7898991248,棱镜史话
1844937292,大象放映室
6774921644,打泥泥呀
6368643184,画渣花小烙
5780974966,柴知道
5201454636,树根龙门阵
7190518113,在下讲武生
3264353323,没有脖子的平远
6417834008,北美燕双鹰
6594286297,鹏城杰森
6244553417,今日俄罗斯RT
7040797671,玉渊谭天
7264589101,金灿荣教授
2610429597,刑法学人罗翔
7680443848,财经不眠姐
1763864272,中国气象爱好者
6114166775,挖沟连-彭沟长
3828764386,星辰趣味屋-
6611518983,科学透镜
7829543772,考工志123
6159233423,戏京同志
1566936885,乌合麒麟
3109877353,中国食品报融媒体
6299494541,科幻Fans布玛
7749198748,酒痴东梦Zzz
1887344341,观察者网
7417489263,大庆赶海
5217052897,蜀霞客
7413428005,老郭鉴鲜
6526315086,乌鸦校尉
6420726021,食贫道
6616523296,眉山论剑陈平
7746715065,小黑屋的貘吗
1393017020,无穷小亮微博
7126731879,三个老爸实验室
7399755168,勾手老大爷邓肯
3108949955,手工耿
5921816127,Ele实验室
7337626852,眼见为识
7472768889,英大吉-
1625436412,曳尾菌
5770760941,碧蓝航线
7763802580,世界美食欧飞手
5690526657,大祭尸
5625770349,面包渣渣也是Nicolas
7341380661,我是戒戒
7682894946,文武俩兄弟
7549101268,杀心成焚-
7923130600,dsand00
5538527213,碧蓝航海局
6314598381,BanGDream梦想协奏曲
2314864665,博伟君_
3877591454,友利奈绪大魔王
7826565678,伤心欲茄222
7391118531,木歌总攻大人
7738805663,赛博食录
2878150567,彭南科
5670657892,三更研究所
6872834439,沫子瞪片
3234840663,蚂蚁景观
7748664374,掣驰工作室
2181220761,钢钢哞
1781955240,腔调制造
7481458540,沙盘上的战争
5768801546,森纳映画
1850145517,邱毅台湾
5699629948,STN工作室
6049590367,局座召忠
6816499318,芳斯塔芙
7487868182,龙女之声呀
2210496261,星球研究所
2685360570,老司机hot
6275994897,达奇上校
2269242385,抽风Crazy
3930007536,陨落风笑
2475138021,神秘园
1774391565,舍长驾到
7552181904,小约翰可汗
1157864602,沈逸
6803854956,一勺池观海队
2975787954,中国人民大学
1030072173,垫脚石X
1711908680,羊总之花菜炒蟹
1705278463,夕阳枫林晚
1843875727,菅纫姿
2074685151,侵华日军南京大屠杀遇难同胞纪念馆
1750428112,任家萱Selina
2419023797,张超Juck
1623842133,北京市疾病预防控制中心
1772293130,21世纪商业评论
5784842769,三峡秭归幺妹儿
1233614454,张俪
1782863031,主持人小珂
